1,Item,Categories,Product Type,Display Name,Filter Tags,Group Components,Short Description,Long Description,Origin,CTN,Shipping Length (Inch),Shipping Width (Inch),Shipping Height (Inch),Shipping Volume (CuFt),Shipping Weight (LB),Product Dimension (Inch),Style,Material,Material %1,Material %2,Size,Name,Reference Image,Color,Feature 1,Feature 2,Feature 3,Feature 4,Feature 5,Feature 6,Feature 7,Feature 8,Feature 9,Feature 10,Summary
7467,CM-OS2588-SET,Outdoor,Sectional,Sectional w/ Table,,"CM-OS2588-1, CM-OS2588-2, CM-OS2588-T",Patio Sectional w/ Table,Furniture of America SELINA Contemporary Patio Sectional w/ Table,,3,0,0,0,93.1,176,"53 7/8""L x 31 1/2""W x 29 7/8""H",Contemporary,,,,0,SELINA,CM-OS2588.jpg,Gray,Contemporary Style,5mm Tempered Glass Top,Gray Fabric Cushions,Aluminum Frame,UV & Water Resistant,Gray Wicker,,,,,"Plenty of space for backyard parties, this outdoor sectional offers spacious seating areas for you and your guests. This L-shaped sectional is perfectly framed around a patio table, all built on a dark wicker-like frame. Whether you池e having a large  backyard BBQ or an intimate get-together with loved ones, this set is the perfect addition! -"
7469,CM-OS2586-CH-2PK,Outdoor,Arm Chair,,,,Arm Chair (2/CTN),Furniture of America MONICA Contemporary Arm Chair (2/CTN),CN,1,47.6,30.1,15,12.5,57.2,"28""L X 34 7/8""W X 33""H (Seat Ht: 17 1/8"", Seat Dp: 21 1/4"")",Contemporary,,,,0,MONICA,CM-OS2586.jpg,"Gray, Oak",,,,,,,,,,,
7470,CM-OS2586-LV,Outdoor,Love Seat,,,,Patio Love Seat,Furniture of America MONICA Contemporary Patio Love Seat,CN,1,48.4,30.1,15,12.6,53.9,"52""L X 34 7/8""W X 33""H (Seat Ht: 17 1/8"", Seat Dp: 21 1/4"")",Contemporary,,,,0,MONICA,CM-OS2586.jpg,"Gray, Oak",Contemporary Style,Plank Style Design,Gray Fabric Cushions,Aluminum Frame,UV & Water Resistant,Gray Wicker,,,,,"Unwind after a long week by relaxing in your backyard with this gorgeous outdoor set. Between lounging with a good book and spending time with company, this patio set offers comfort and style for any experience. The wicker-like frame is perfectly com plemented with light wood finished accents for a simple yet chic touch. -"
7471,CM-OS2586-T,Outdoor,Coffee Table,,,"CM-OS2117-1, CM-OS2117-2",Coffee Table,Furniture of America MONICA Contemporary Coffee Table,CN,1,48.5,24.6,4.2,2.9,39.6,"47 1/4""L X 23 5/8""W X 16 7/8""H",Contemporary,,,,0,MONICA,CM-OS2586.jpg,Oak,Contemporary Style,Plank Style Design,Aluminum Frame,UV & Water Resistant,Gray Wicker,,,,,,"Unwind after a long week by relaxing in your backyard with this gorgeous outdoor set. Between lounging with a good book and spending time with company, this patio set offers comfort and style for any experience. The wicker-like frame is perfectly com plemented with light wood finished accents for a simple yet chic touch. -"
7474,CM-OS2117-SET,Outdoor,Canopy Daybed,,,,Patio Canopy Daybed,Furniture of America ARIA Contemporary Patio Canopy Daybed,,2,0,0,0,99.5,167.5,"86 5/8""L X 43""W X 70""H (SEAT HT: 18""H, SEAT DP: W/ CUSHION: 18"", W/O CUSHION: 27"")",Contemporary,"Aluminum, Fabric, Faux Rattan",100% Solution Dyed Polyester,,0,ARIA,CM-OS2117.jpg,Light Brown Wicker/White Awning/Turquoise Cushion,Contemporary Style,Turquoise Fabric Cushions,Includes 3 Ottomans and 6 Pillows,UV & Water Resistant,White Fabric Awning,Light Brown Wicker,,,,,Stretch out and bask in the fresh outdoors atop this versatile patio sectional! Separate the ottomans for a spacious seating area or push everything together to make an outdoor daybed. Let the curved fabric awning provide either shade from the sun or  shelter from the elements so you can enjoy the outdoors all year round! -
7477,CM-OS1821BR-SET,Outdoor,Sectional,,,"CM-OS1821BR-1, CM-OS1821BR-2","Patio Sectional, Brown","Furniture of America ABION Contemporary Patio Sectional, Brown",,2,0,0,0,59.8,123,"92""L X 92""W X 26""H",Contemporary,"Aluminum, Fabric, Faux Rattan",100% Polyester,,0,ABION,CM-OS1821BR.jpg,"Brown Cushions, Espresso Frame",Contemporary Style,Includes Ottoman & Accent Pillows,UV & Water Resistant,Brown or Ivory Fabric Seats,Espresso Wicker Frame,,,,,,Style your outdoor oasis with this delightful two-tone sectional and ottoman set. The light fabric cushions contrast beautifully with the espresso wicker frame while ensuring ample relaxation is possible. Ottoman and accent pillows included. - -
7480,CM-OS1821IV-SET,Outdoor,Sectional,,,"CM-OS1821IV-1, CM-OS1821IV-2","Patio Sectional, Ivory","Furniture of America ABION Contemporary Patio Sectional, Ivory",,2,0,0,0,59.8,123,"92""L X 92""W X 26""H",Contemporary,"Aluminum, Fabric, Faux Rattan",100% Polyester,,0,ABION,CM-OS1821IV.jpg,"Ivory Cushions, Espresso Frame",Contemporary Style,Includes Ottoman & Accent Pillows,UV & Water Resistant,Brown or Ivory Fabric Seats,Espresso Wicker Frame,,,,,,Style your outdoor oasis with this delightful two-tone sectional and ottoman set. The light fabric cushions contrast beautifully with the espresso wicker frame while ensuring ample relaxation is possible. Ottoman and accent pillows included. - -
7481,CM-OS2107,Outdoor,Canopy Daybed,,,,Patio Canopy Daybed,Furniture of America AIDA Contemporary Patio Canopy Daybed,CN,1,61,44.1,26.8,41.7,90,LOVESEAT: 59 3/4猫 X 43 1/2埜 X 28禰 OTTOMAN: 49猫 X 33 1/4埜 X 14 1/2禰,Contemporary,,,,0,AIDA,CM-OS2107.jpg,"Gray, White",Contemporary Style,White Fabric Awning,Beige Fabric Cushions,Includes 3 Pillows & 1 Ottoman,UV & Water Resistant,Gray Wicker,,,,,"Curl up with your favorite book while this outdoor loveseat痴 awning shades you from the sun, or pull the large ottoman close to turn your seat into an outdoor bed! The versatile use of this outdoor seating set makes it perfect for lounging out in th e sun or bringing your friends over for a fun night out. Come rain or shine, this set is a great choice for your relaxing and seating needs! -"
7485,CM-OS1818-SET,Outdoor,Sectional,Sectional w/ Ottoman,,"CM-OS1818-1, CM-OS1818-2, CM-OS1818-AC",Patio Sectional w/ Ottoman,Furniture of America DAVINA Contemporary Patio Sectional w/ Ottoman,,3,0,0,0,46.5,207,"51 1/8""L x 29 1/2""W x 30 3/4""H",Contemporary,,,,0,DAVINA,CM-OS1818.jpg,"Brown, Beige",Contemporary Style,Beige Fabric Cushions,Includes Ottoman,Aluminum Frame,UV & Water Resistant,Brown Wicker,,,,,Make sure to have plenty of room for everyone to visit with this outdoor seating set! The sofa and loveseat combination easily meet at the end table. Stretch out on the foam-filled cushions or settle back in the armchair and enjoy your fun in the sun ! -
7486,CM-OS2116,Outdoor,Seating Set,,,,5 Pc. Patio Set w/ 2 Tables,,CN,1,90.5,38.8,34,69,216.5,"AC: 31 1/8""L X 35""W X 26 3/4""   CR: 31 1/8""L X 31 1/8""W X 26 3/4""   CH: 31 1/8""L X 25 1/8""W X 26 3/4""   E: 24 1/4""L X 24 1/4"" X 18 1/2""H",Contemporary,"Aluminum, Fabric, Faux Rattan",,,0,Lorena,CM-OS2116.jpg,Gray Wicker/Green Cushion,Contemporary Style,Includes 2 End Tables,UV & Water Resistant,Green Fabric Cushions,5mm Tempered Glass,Gray Wicker,,,,,
7487,CM-OS1820BR,Outdoor,Seating Set,,,,"5 Pc. Patio Set, Brown","Furniture of America OLINA Contemporary 5 Pc. Patio Set, Brown",CN,1,81.5,30.3,32.5,46.4,118.8,"SOFA: 79 7/8""L X 25 5/8""W X 26""H, Chair: 31 7/8""L X 25 5/8""W X 26""H",Contemporary,"Aluminum, Fabric, Faux Rattan",100% Polyester,,0,OLINA,CM-OS1820BR.jpg,"Brown Cushions, Espresso Frame",Contemporary Style,Includes 2 Tables,Clear Tempered Glass Top,Brown or Ivory Fabric Seats,UV & Water Resistant,Espresso Wicker Frame,,,,,"Sit in style and enjoy the sun with this beautiful outdoor sofa. The sleek track arms steadily encase the fabric cushions and pillows while wrapped in a tight wicker frame. This patio set includes a sofa, 2 chairs and 2 tables. - -"
7488,CM-OS1820IV,Outdoor,Seating Set,,,,"5 Pc. Patio Set, Ivory","Furniture of America OLINA Contemporary 5 Pc. Patio Set, Ivory",CN,1,81.5,30.3,32.5,46.4,118.8,"SOFA: 79 7/8""L X 25 5/8""W X 26""H, Chair: 31 7/8""L X 25 5/8""W X 26""H",Contemporary,"Aluminum, Fabric, Faux Rattan",100% Polyester,,0,OLINA,CM-OS1820IV.jpg,"Ivory Cushions, Espresso Frame",Contemporary Style,Includes 2 Tables,Clear Tempered Glass Top,Brown or Ivory Fabric Seats,UV & Water Resistant,Espresso Wicker Frame,,,,,"Sit in style and enjoy the sun with this beautiful outdoor sofa. The sleek track arms steadily encase the fabric cushions and pillows while wrapped in a tight wicker frame. This patio set includes a sofa, 2 chairs and 2 tables. - -"
7491,CM-OS1827GY-SET,Outdoor,Seating Set,,,"CM-OS1827GY-1, CM-OS1827GY-2","8 Pc. Patio Sofa Set, Gray Seat","Furniture of America HELINA Contemporary 8 Pc. Patio Sofa Set, Gray Seat",,2,0,0,0,113.8,265,"Sofa: 96""L X 34 1/2""W X 35""H (Seat Ht: 18"", Seat Dp: 20""), Chair: 40""L X 34 1/2""W X 35""H, Table: 47 1/4""L X 24""W X 18 1/8""H",Contemporary,"Aluminum, Fabric",100% Polyester,,0,HELINA,CM-OS1827GY.jpg,Gray,Contemporary Style,UV & Water Resistant,Padded Fabric,5mm Tempered Glass Top,Pillows Included,Espresso Wicker Frame,Gray or White Fabric Seats,,,,"Enjoy the outside breeze and the smell of fresh cut grass while you and your guests sit in style! Comprised of an aluminum and wicker frame with water resistant cushions, this set is both durable and comfortable. Serve your guests some iced lemonade  or tea on the tempered glass coffee table that sits steadily on the ground surface while enjoying the surrounding scenery. Available in 2 cushion color options. -"
7492,CM-OS2128-A,Outdoor,Corner Chair,,,,Corner Chair,Furniture of America SOMANI Contemporary Corner Chair,CN,1,36.5,36.5,27.5,21.2,30.51,"35""L X 35""W X 25 5/8-33 1/2""H (SEAT HT: 18""H, SEAT DP: 21"")",Contemporary,100% Solution Dyed Polyester,,,#N/A,SOMANI,CM-OS2128-1.jpg,Gray Wicker/Ivory Cushions,,,,,,,,,,,
7493,CM-OS2128-B,Outdoor,Love Seat,,,,Left Arm Love Seat,Furniture of America SOMANI Contemporary Left Arm Love Seat,CN,1,57.5,35.9,26.4,31.5,48.9,"56 5/8""L X 35""W X 33 1/2""H (SEAT HT: 18""H, SEAT DP: 21"")",Contemporary,100% Solution Dyed Polyester,,,#N/A,SOMANI,CM-OS2128-1.jpg,Gray Wicker/Ivory Cushions,,,,,,,,,,,
7494,CM-OS2128-C,Outdoor,Love Seat,,,,Right Arm Love Seat,Furniture of America SOMANI Contemporary Right Arm Love Seat,CN,1,57.5,35.9,26.4,31.5,48.9,"56 5/8""L X 35""W X 33 1/2""H (SEAT HT: 18""H, SEAT DP: 21"")",Contemporary,100% Solution Dyed Polyester,,,#N/A,SOMANI,CM-OS2128-1.jpg,Gray Wicker/Ivory Cushions,,,,,,,,,,,
7495,CM-OS2128-D,Outdoor,Corner Chaise,,,,Corner Chaise,Furniture of America SOMANI Contemporary Corner Chaise,CN,1,64.6,35.9,26.4,35.4,54.96,"64""L X 35""W X 33 1/2""H (SEAT HT: 18""H, SEAT DP: 57"")",Contemporary,100% Solution Dyed Polyester,,,#N/A,SOMANI,CM-OS2128-1.jpg,Gray Wicker/Ivory Cushions,,,,,,,,,,,
7496,CM-OS2128-E,Outdoor,Sofa,,,,Sofa w/ 2 Pillows,Furniture of America SOMANI Contemporary Sofa w/ 2 Pillows,CN,1,89,36.5,27.5,51.7,75.69,"88 1/8""L X 35""W X 33 1/2""H (SEAT HT: 18""H, SEAT DP: 21"")",Contemporary,100% Solution Dyed Polyester,,,#N/A,SOMANI,CM-OS2128-1.jpg,Gray Wicker/Ivory Cushions,,,,,,,,,,,
7497,CM-OS2128-F,Outdoor,Ottoman,,,,Large Ottoman,Furniture of America SOMANI Contemporary Large Ottoman,CN,1,36,19.5,37,15,24,"35""L X 35""W X 18""H",Contemporary,100% Solution Dyed Polyester,,,#N/A,SOMANI,CM-OS2128-1.jpg,Gray Wicker/Ivory Cushions,,,,,,,,,,,
7498,CM-OS2128-G,Outdoor,Chaise,,,,Adjustable Chaise,Furniture of America SOMANI Contemporary Adjustable Chaise,CN,1,83.5,19.5,31.5,29.7,62,"82 5/8""L X 29 7/8""W X 18 (UP TO 44)""H (SEAT HT: 18""H, SEAT DP: 46"")",Contemporary,100% Solution Dyed Polyester,,,#N/A,SOMANI,CM-OS2128-1.jpg,Gray Wicker/Ivory Cushions,,,,,,,,,,,
7499,CM-OS2128-H,Outdoor,Bench,,,,Bench,Furniture of America SOMANI Contemporary Bench,CN,1,58,19.5,30.5,20,40,"57""L X 28 1/2""W X 18""H",Contemporary,100% Solution Dyed Polyester,,,#N/A,SOMANI,CM-OS2128-1.jpg,Gray Wicker/Ivory Cushions,,,,,,,,,,,
7500,CM-OS2128-I,Outdoor,Chair,,,,Arm Chair,Furniture of America SOMANI Contemporary Arm Chair,CN,1,38.5,36.5,27.5,22.4,40,"37 3/4""L X 35""W X 33 1/2""H (SEAT HT: 18""H, SEAT DP: 21"")",Contemporary,100% Solution Dyed Polyester,,,#N/A,SOMANI,CM-OS2128-1.jpg,Gray Wicker/Ivory Cushions,,,,,,,,,,,
7501,CM-OS2128-J,Outdoor,Love Seat,,,,Love Seat w/ 2 Pillows,Furniture of America SOMANI Contemporary Love Seat w/ 2 Pillows,CN,1,64,36.5,27.5,37.2,68,"63""L X 35""W X 33 1/2""H (SEAT HT: 18""H, SEAT DP: 21"")",Contemporary,100% Solution Dyed Polyester,,,#N/A,SOMANI,CM-OS2128-1.jpg,Gray Wicker/Ivory Cushions,,,,,,,,,,,
7502,CM-OS2128-K,Outdoor,Coffee Table,,,,Coffee Table,Furniture of America SOMANI Contemporary Coffee Table,CN,1,46,26,18.5,12.8,37,"43 1/4""L X 23 5/8""W X 15""H",Contemporary,100% Solution Dyed Polyester,,,#N/A,SOMANI,CM-OS2128-1.jpg,Gray Wicker/Ivory Cushions,,,,,,,,,,,
7503,CM-OS2128-L,Outdoor,End Table,,,,End Table,Furniture of America SOMANI Contemporary End Table,CN,1,22,22,23,6.4,20,"19 1/2""L X 19 1/2""W X 19 1/2""H",Contemporary,100% Solution Dyed Polyester,,,#N/A,SOMANI,CM-OS2128-1.jpg,Gray Wicker/Ivory Cushions,,,,,,,,,,,
7504,CM-OS2128-M,Outdoor,Armless Chair,,,,Armless Chair,Furniture of America SOMANI Contemporary Armless Chair,CN,1,36.5,30,27.5,17.4,34.6,"28 3/4""L X 35""W X 33 1/2""H (SEAT HT: 18""H, SEAT DP: 21"")",Contemporary,100% Solution Dyed Polyester,,,#N/A,SOMANI,CM-OS2128-1.jpg,Gray Wicker/Ivory Cushions,,,,,,,,,,,
7505,CM-OS2128-N,Outdoor,Ottoman,,,,Small Ottoman,Furniture of America SOMANI Contemporary Small Ottoman,CN,1,26.5,19.5,27,8.1,19,"25 1/8""L X 25 1/8""W X 18""H",Contemporary,100% Solution Dyed Polyester,,,#N/A,SOMANI,CM-OS2128-1.jpg,Gray Wicker/Ivory Cushions,,,,,,,,,,,
7506,CM-OS2121-C,Outdoor,Coffee Table,,,,Coffee Table,,CN,1,37,14.1,37.4,11.3,39.42,"35 7/8""L X 35 7/8""W X 12 3/8""",Contemporary,"Aluminum, Fabric, Faux Rattan",,,0,Morgana,CM-OS2121.jpg,Dark Gray Wicker/Gray Cushion,Contemporary Style,5mm Tempered Glass,Modular Design,UV & Water Resistant,Dark Gray Wicker,,,,,,Make plans for a big day in the sun with your friends as you gather around your stylish and enjoyable outdoor patio set! Everyone will love hanging out on the padded blue seat cushions and leaning against the plush back pillows. Bring out drinks and  set a few appetizers on the coffee table -
7507,CM-OS2121-CH-2PK,Outdoor,Armless Chair,,,,Armless Chair (2/CTN),,CN,1,40.5,29,30.3,20.6,50.82,"33 1/2""L X 27 1/2""W X 29""H (SEAT HT: 17 1/2""H, SEAT DP: 19"")",Contemporary,"Aluminum, Fabric, Faux Rattan",,,0,Morgana,CM-OS2121.jpg,Dark Gray Wicker/Gray Cushion,Contemporary Style,Blue Fabric Cushions,Modular Design,UV & Water Resistant,Dark Gray Wicker,,,,,,Make plans for a big day in the sun with your friends as you gather around your stylish and enjoyable outdoor patio set! Everyone will love hanging out on the padded blue seat cushions and leaning against the plush back pillows. Bring out drinks and  set a few appetizers on the coffee table -
7508,CM-OS2121-CNR,Outdoor,Corner Chair,,,,Corner Chair,,CN,1,68,39.5,30,46.6,48.44,"67""L X 33 1/2""W X 29""H (SEAT HT: 17 1/2""H, SEAT DP: 19"")",Contemporary,"Aluminum, Fabric, Faux Rattan",,,0,Morgana,CM-OS2121.jpg,Dark Gray Wicker/Gray Cushion,Contemporary Style,Blue Fabric Cushions,Modular Design,UV & Water Resistant,Dark Gray Wicker,,,,,,Make plans for a big day in the sun with your friends as you gather around your stylish and enjoyable outdoor patio set! Everyone will love hanging out on the padded blue seat cushions and leaning against the plush back pillows. Bring out drinks and  set a few appetizers on the coffee table -
7509,CM-OS2121-ST,Outdoor,Side Table,,,,Side Table,,CN,1,34.3,15,24.4,7.2,14.33,"33 1/4""L X 13 3/4""W X 22 3/4""H",Contemporary,"Aluminum, Fabric, Faux Rattan",,,0,Morgana,CM-OS2121.jpg,Dark Gray Wicker/Gray Cushion,Contemporary Style,Modular Design,UV & Water Resistant,Dark Gray Wicker,,,,,,,Make plans for a big day in the sun with your friends as you gather around your stylish and enjoyable outdoor patio set! Everyone will love hanging out on the padded blue seat cushions and leaning against the plush back pillows. Bring out drinks and  set a few appetizers on the coffee table -
7514,CM-OS2115RD-SET,Outdoor,Sectional,Sectional w/ Coffee Table,,"CM-OS2115RD-1, CM-OS2115RD-2, CM-OS2115RD-3, CM-OS2115-4","Patio Sectional w/ Coffee Table, Red","Furniture of America ZENDAYA Contemporary Patio Sectional w/ Coffee Table, Red",,4,0,0,0,69.4,190,"93 1/2""L X 93 1/2""W X 25 5/8""H, 42 7/8""L X 23 1/4""W X 11 3/4""H",Contemporary,"Aluminum, Fabric",100% Polyester,,0,ZENDAYA,CM-OS2115RD.jpg,"Red, Espresso",Contemporary Style,Includes 1 Coff ee Table,Espresso Wicker Frame,Seats up to 5,UV & Water Resistant,5mm Cleared Tempered Glass Top,Red or White Fabric Cushions,,,,"Chic and luxurious, you're going to love the look of this sectional in your backyard. An elegant design with its dark wicker frame, the bright cushions in red or white color options pop visually and make a serious statement for any setting. Accompani ed with a glass top coffee table, this sectional set provides more than enough room for all your friends so go on and invite over your best buds to enjoy the outdoors with you. -"
7518,CM-OS2115WH-SET,Outdoor,Sectional,Sectional w/ Coffee Table,,"CM-OS2115WH-1, CM-OS2115WH-2, CM-OS2115WH-3, CM-OS2115-4","Sectional + Coffee Table, White","Furniture of America ZENDAYA Contemporary Sectional + Coffee Table, White",,4,0,0,0,69.4,190,"93 1/2""L X 93 1/2""W X 25 5/8""H, 42 7/8""L X 23 1/4""W X 11 3/4""H",Contemporary,"Aluminum, Fabric",100% Polyester,,0,ZENDAYA,CM-OS2115WH.jpg,"White, Espresso",Contemporary Style,Includes 1 Coff ee Table,Espresso Wicker Frame,Seats up to 5,UV & Water Resistant,5mm Cleared Tempered Glass Top,Red or White Fabric Cushions,,,,"Chic and luxurious, you're going to love the look of this sectional in your backyard. An elegant design with its dark wicker frame, the bright cushions in red or white color options pop visually and make a serious statement for any setting. Accompani ed with a glass top coffee table, this sectional set provides more than enough room for all your friends so go on and invite over your best buds to enjoy the outdoors with you. -"
7521,CM-OS2118-SET,Outdoor,Sectional,Sectional w/ Ottoman,,"CM-OS2118-1, CM-OS2118-2",Patio Sectional w/ Ottoman,Furniture of America Lavana Contemporary Patio Sectional w/ Ottoman,,2,0,0,0,66.2,186.6,,Contemporary,"Aluminum, Fabric, Faux Rattan",,,0,Lavana,CM-OS2118.jpg,Brown Wicker/Gray Cushion,Contemporary Style,Aluminum Frame,UV & Water Resistant,Gray Fabric Cushions,Includes Ottoman,Brown Wicker,,,,,"With the sun shining overhead, make it the perfect day to head outside and enjoy some fresh air on your outdoor sectional set! Stretch out on this spacious L-shaped piece, put your feet up on the cushioned ottoman and bask in the fresh air. The sturd y wicker frame and track arms provide perfect support and stability to ensure you enjoy your relaxing experience. -"
7526,CM-OS2580GY-PK,Outdoor,Sectional,Sectional w/ Table,,"CM-OS2580GY-1, CM-OS2580GY-2",Patio Sectional w/ Table,Furniture of America Winona Contemporary Patio Sectional w/ Table,,2,0,0,0,37.7,121,"SECTIONAL: 97 3/4""L X 97 3/4""W X 30 3/4""H (SEAT HT: 16 1/4""H, SEAT DP: 22"") OTTOMAN: 29""L X 27 1/2""W X 11 3/4""H",Contemporary,"Fabric, Aluminum & Others",,,0,Winona,CM-OS2580GY.jpg,White Frame/Oak Top/Blue Cushion,Contemporary Style,Plank Style Design,White Aluminum Frame,L-Shaped Sectional,Oak Faux Wood Top,Box Seat Cushions,Gray,,,,"Soak up some sun with this L-shaped patio sectional and ottoman set. The aluminum framework provides structural integrity for the lengthy design while plank style surfaces add a casual touch. The foam-filled cushions provide the necessary comfort for  hours of relaxation, and the ottoman easily doubles as an extra table to hold both drinks and snacks. -"
7527,CM-OS2580-PK,Outdoor,Sectional,Sectional w/ Table,,"CM-OS2580-1, CM-OS2580-2","Patio Sectional w/ Table, Blue","Furniture of America WINONA Contemporary Patio Sectional w/ Table, Blue",,2,0,0,0,37.7,121,"97 3/4""L X 97 3/4""W X 11 3/4""H, 29""L X 27 1/2""W X 11 3/4""H",Contemporary,"Aluminum, Fabric, Faux Wood",100% Polyester,,0,WINONA,CM-OS2580.jpg,"Blue, White",Contemporary Style,L-Shaped Sectional,Plank Style Design,Box Seat Cushions,White Aluminum Frame,Oak Faux Wood Top,Blue Cushions,,,,"Soak up some sun with this L-shaped patio sectional and ottoman set. The aluminum framework provides structural integrity for the lengthy design while plank style surfaces add a casual touch. The foam-filled cushions provide the necessary comfort for  hours of relaxation, and the ottoman easily doubles as an extra table to hold both drinks and snacks. -"
7528,CM-OS1832,Outdoor,Seating Set,,,,4 Pc. Patio Seating Set,Furniture of America JACQUELYN Contemporary 4 Pc. Patio Seating Set,CN,1,72.9,28,32.3,38.1,144.98,"77 1/2""L X 29""W X 33 5/8""H (Seat Ht: 18"", Seat Dp: 20""), 30 1/8""L X 29""W X 33 5/8""H (Seat Ht: 18"", Seat Dp: 20""), 44 1/2""L X 22 1/4""W X 19 7/8""H",Contemporary,"Aluminum, Fabric, Tempered Glass",100% Polyester,,0,JACQUELYN,CM-OS1832.jpg,Light Gray,Contemporary Style,5mm Tempered Glass Top,UV & Water Resistant,Light Gray Wicker Frame,Light Gray Fabric Cushions,,,,,,"Bring the family outdoors and into the sun with this outdoor lounging set. Featuring a light colored wicker frame and padded cushions, each of these pieces will offer a comfortable seat to relax with some iced drinks. The coffee table offers plenty o f room to place snacks and refills while the shaded shelf below keeps reading materials or supplies right at hand. -"
7529,CM-OS2582-CNR,Outdoor,Corner Chair,,,,Corner Chair,Furniture of America EVITA Contemporary Corner Chair,CN,1,31.1,31.6,11.8,6.7,30.8,,Contemporary,,,,0,EVITA,CM-OS2582.jpg,"Gray, Oak",Contemporary Style,Modular Design,Plank Style Design,Gray Fabric Cushions,Oak Faux Wood Top,Aluminum Frame,UV & Water Resistant,Brushed Champagne Finish,,,"Sunday BBQ痴 and pool parties just got so much better! This versatile patio set doubles as an L-shaped sectional or a two-piece sofa set. Mid-century modern designs can be seen in the angled legs and plank style surfaces, while neutral gray colorings  provide a subtle invitation to relax on the foam filled cushions. -"
7530,CM-OS2582-LV,Outdoor,Love Seat,,,,Love Seat (2/CTN),Furniture of America EVITA Contemporary Love Seat (2/CTN),CN,1,66,31.3,18.5,22.1,90.2,,Contemporary,,,,#N/A,EVITA,,"Gray, Oak",,,,,,,,,,,
7531,CM-OS2582-T,Outdoor,Table,,,,Table,Furniture of America EVITA Contemporary Table,CN,1,32.6,32.6,3.1,1.9,14.3,,Contemporary,,,,0,EVITA,CM-OS2582.jpg,"Gray, Oak",Contemporary Style,Modular Design,Plank Style Design,Oak Faux Wood Top,Aluminum Frame,UV & Water Resistant,Brushed Champagne Finish,,,,"Sunday BBQ痴 and pool parties just got so much better! This versatile patio set doubles as an L-shaped sectional or a two-piece sofa set. Mid-century modern designs can be seen in the angled legs and plank style surfaces, while neutral gray colorings  provide a subtle invitation to relax on the foam filled cushions. -"
7532,CM-OS1816,Outdoor,Sectional,,,,Patio Sectional,Furniture of America MOURA Contemporary Patio Sectional,CN,1,78,37.5,34.5,58.4,113,"92""L X 92""W X 29""H",Contemporary,"Aluminum, Fabric, Faux Rattan",100% Polyester,,0,MOURA,CM-OS1816.jpg,Tan,Contemporary Style,Tempered Glass Table Top,Aluminum & Wicker Frame,UV & Water Resistant,Includes Table & Pillows,Tan Fabric Cushions,,,,,"Enjoy your outdoor surroundings with this beautiful outdoor sofa and table set, featuring a charming sofa with padded seating supported by an aluminum and wicker frame, and a stylish coffee table with tempered glass table top. - -"
7533,CM-OS1816T,Outdoor,Table,,,,Glass Top Table,Furniture of America MOURA Contemporary Glass Top Table,CN,1,26,19.5,45.5,13.3,34.1,"44 1/2""L X 24 3/4""W X 17 3/4""H",Contemporary,"Aluminum, Fabric, Faux Rattan",,,0,MOURA,CM-OS1816.jpg,Tan,Contemporary Style,Tempered Glass Table Top,Aluminum & Wicker Frame,UV & Water Resistant,Includes Table & Pillows,Tan Fabric Cushions,,,,,"Enjoy your outdoor surroundings with this beautiful outdoor sofa and table set, featuring a charming sofa with padded seating supported by an aluminum and wicker frame, and a stylish coffee table with tempered glass table top. - -"
7534,CM-OS1830,Outdoor,Sectional,Sectional w/ Ottoman,,,Patio Sectional + Ottoman,Furniture of America SABINA Contemporary Patio Sectional + Ottoman,CN,1,60.5,31.8,37.8,42,107.07,"91 3/8""L X 59 1/2""W X 26 3/8""H, 59 1/2""L X 31 7/8""W X 26 3/8""H, 31 7/8""L X 59 1/2""W X 26 3/8""H, 23 1/4""L X 23 1/4""W X 12 1/4""H",Contemporary,"Aluminum, Fabric",100% Polyester,,0,SABINA,CM-OS1830.jpg,"Tan, Dark Gray",Contemporary Style,Includes Ottoman,Reversible Chaise,Light Yellow Fabric Cushions,UV & Water Resistant,Dark Gray Wicker Frame,,,,,Add some sunshine to your patio or deck with this stylish outdoor sectional. The wicker frame is paired with tan fabric cushions while the overall structure features a reversible chaise and square ottoman.  - -
7535,CM-OS1831,Outdoor,Seating Set,,,,4 Pc. Patio Seating Set,Furniture of America JOCELYN Contemporary 4 Pc. Patio Seating Set,CN,1,72.9,26,33.9,37.1,151.82,"80""L X 33""W X 36 1/2""H, 32 1/2""L X 33""W X 36 1/2""H (Seat Ht: 18 1/2"", Seat Dp: 19 1/2""), 45""L X 23 1/4""W X 20""H",Contemporary,"Aluminum, Fabric, Tempered Glass",100% Polyester,,0,JOCELYN,CM-OS1831.jpg,"Tan, Brown",Contemporary Style,Includes Coff ee Table & Accent Pillows,UV & Water Resistant,5mm Brown Tempered Glass Top,Brown Wicker Frame,Tan Fabric Cushions,,,,,"On a beautiful sunny day, what better way to enjoy the warm breeze than to relax upon this outdoor lounge set? Removable button tufted cushions and fun chevron printed throw pillows make this set the perfect addition to your backyard. Also included i s the convenient coffee table, which offers room for magazine storage and drinks. -"
7536,CM-OS2119,Outdoor,Seating Set,,,,4 Pc. Patio Seating Set,Furniture of America MAKENNA Contemporary 4 Pc. Patio Seating Set,CN,1,61,20.5,25.5,18.5,88.5,"63 3/8""L X 24 3/4""W X 31 1/8""H, 23 1/4""L X 24 3/4""W X 31 1/8""H (Seat Ht: 18"", Seat Dp: 19""), 43 1/4""L X 19 5/8""W X 15""H",Contemporary,"Aluminum, Fabric, Tempered Glass",100% Polyester,,0,MAKENNA,CM-OS2119.jpg,"White, Espresso",Contemporary Style,Includes 1 Coff ee Table,Espresso Wicker Frame,5mm Black Tempered Glass,UV & Water Resistant,White Fabric Cushions,,,,,Keep the patio or deck simple and sleek with this four-piece collection. The slim wicker frame provides long-lasting durability and contemporary style fit for any modern home and the accompanying coffee table provides ample room for drinks or snacks  with its tempered glass top. Bright white fabric cushions provide the finishing touch for the updated design. -
7537,CM-OS2124-CH-2PK,Outdoor,Chair,,,,Chair (2/CTN),,CN,1,41.5,31.5,44.5,33.7,80,"30""L X 38""W X 39 1/2""H (SEAT HT: 19 1/2""H, SEAT DP: 21"")",Transitional,Aluminum,,,0,Fernanda,CM-OS2124.jpg,Antique Black Frame/Striped Cushion,Contemporary Style,Striped Fabric Cushions,Antique Black Frame,,,,,,,,
7538,CM-OS2124-E,Outdoor,End Table,,,,End Table,,CN,1,22.8,22.8,3.5,1,12,"21""L X 21""W X 21""H",Transitional,Aluminum,,,0,Fernanda,CM-OS2124.jpg,Antique Black Frame,Contemporary Style,Striped Fabric Cushions,Antique Black Frame,,,,,,,,
7539,CM-OS2124-SF,Outdoor,Sofa,,,,Sofa,,CN,1,82,38.8,42,77.2,113,"80 3/4""L X 38""W X 39 1/2""H (SEAT HT: 19 1/2""H, SEAT DP: 21"")",Transitional,Aluminum,,,0,Fernanda,CM-OS2124.jpg,Antique Black Frame/Striped Cushion,Contemporary Style,Striped Fabric Cushions,Antique Black Frame,,,,,,,,
7542,CM-OS2124-T-TABLE,Outdoor,Fire Pit Table,,,"CM-OS2124-T-1, CM-OS2124-T-2",Fire Pit Table,Furniture of America Fernanda Transitional Fire Pit Table,,2,0,0,0,21.8,106,"52""DIA X 25""H",Transitional,Aluminum,,,0,Fernanda,CM-OS2124.jpg,Antique Black Frame/Brown/Espresso Wicker,Contemporary Style,Fire Glass Crystals Included,Striped Fabric Cushions,Antique Black Frame,Gas Fire Pit Table,Propane Tank Not Included,Includes Pit Cover,,,,Share fond memories or scary ghost stories while cozying up with this lovely outdoor patio set. The round table features a built-in fi re pit so you and close friends can happily roast marshmallows to your hearts - -
7543,CM-OS2501-C,Outdoor,Coffee Table,,,,Coffee Table,Furniture of America BONQUESHA I Contemporary Coffee Table,CN,1,40.5,20.1,4,1.9,26,"39 3/8""L X 19 5/8""W X 14 5/8""H",Contemporary,,,,0,BONQUESHA I,CM-OS2501.jpg,Distressed Black,Contemporary Style,Open Coffee Table,"Aluminum, Others",Distressed Black Finish,,,,,,,Easily increase seating space in your backyard with this transitional aluminum set. This table provides a convenient place to set down drinks and snacks during any social event. - -
7544,CM-OS2501-CH,Outdoor,Chair,,,,Arm Chair,Furniture of America BONQUESHA I Contemporary Arm Chair,CN,1,34.3,31,9.5,5.8,19.5,"27 5/8""L X 31 1/2""W X 32 5/8""H (Seat Ht: 17 3/8"", Seat Dp: 24"")",Contemporary,"Fabric, Aluminum & Others",100% Polyester,,0,BONQUESHA I,CM-OS2501.jpg,"Brown, Distressed Black",Contemporary Style,Padded Brown Cushion Seats,Loose Back Pillows,Open Coffee Table,Scrolled Arms,"Aluminum, Others",Distressed Black Finish,,,,Easily increase seating space in your backyard with this transitional aluminum set. A spacious arm chair will enhance relaxation during any social event while the paired table provides a convenient place to set down drinks and snacks. - -
7545,CM-OS2501-SF,Outdoor,Sofa,,,,Patio Sofa,Furniture of America BONQUESHA I Contemporary Patio Sofa,CN,1,72,33,12.5,17.2,48.5,"74 3/8""L X 31 1/2""W X 32 5/8""H (Seat Ht: 17 3/8"", Seat Dp: 24"")",Contemporary,"Fabric, Aluminum & Others",100% Polyester,,0,BONQUESHA I,CM-OS2501.jpg,"Brown, Distressed Black",Contemporary Style,Padded Brown Cushion Seats,Loose Back Pillows,Open Coffee Table,Scrolled Arms,"Aluminum, Others",Distressed Black Finish,,,,Easily increase seating space in your backyard with this transitional aluminum set. A spacious sofa seat will enhance relaxation during any social event while the paired table provides a convenient place to set down drinks and snacks. - -
7548,CM-OT1811-CH-PK,Outdoor,Chaise,,,"CM-OT1811-CH-1, CM-OT1811-CH-2",Patio Chair,Furniture of America Olina Transitional Patio Chair,,2,0,0,0,3.9,12.98,"27""L X 26 1/2""W X 36 3/4""H",Transitional,"Aluminum, Fabric, Faux Rattan",100% Polyester,,0,Olina,CM-OT1811.jpg,"Ivory Cushions, Brown Frame",Contemporary Style,UV & Water Resistant,Brown Wicker Frame,Ivory Cushions,,,,,,,Enjoy your outdoor space with these charming patio chairs. The woven wicker frames lend a rustic touch. - -
7551,CM-OT1811-LV-PK,Outdoor,Love Seat,,,"CM-OT1811-LV-1, CM-OT1811-LV-2",Patio Love Seat,Furniture of America Olina Transitional Patio Love Seat,,2,0,0,0,8.4,20.42,"51 1/4""L X 26 1/2""W X 36 3/4""H",Transitional,"Aluminum, Fabric, Faux Rattan",100% Polyester,,0,Olina,CM-OT1811.jpg,"Ivory Cushions, Brown Frame",Contemporary Style,UV & Water Resistant,Brown Wicker Frame,Ivory Cushions,,,,,,,Enjoy your outdoor space with this charming love seat. The woven wicker frames lend a rustic touch. - -
7552,CM-OT1811-T,Outdoor,Table,,,,Patio Table,Furniture of America Olina Transitional Patio Table,,1,37.4,24.4,5.1,2.7,11,.,Transitional,"Aluminum, Fabric, Faux Rattan",,,0,Olina,,Brown Frame,Contemporary Style,UV & Water Resistant,Brown Wicker Frame,Ivory Cushions,,,,,,,"Enjoy your outdoor space with this charming outdoor set which includes a love seat, coffee table, and two chairs. The woven wicker frames lend a rustic touch. - -"
7553,CM-OT2126-AC-4PK,Outdoor,Arm Chair,,,,Arm Chair (4/CTN),,CN,1,38,25.5,43.5,24.4,81.5,"23""W X 28""D X 35""H (SEAT HT: 18"", SEAT DP: 19"")",Transitional,"Aluminum, Fabric",,,0,Desire,CM-OT2126AC-WB.jpg,Brown Frame/Pattern Cushion,Contemporary Style,Printed Fabric Seat Cushions,Aluminum Frame,Brown Finish,,,,,,,"Enjoy some amazing barbeques gathered round this gorgeous outdoor dining table. Create a beautiful backyard and set plate after plate of delicious food upon the charming, slatted table top. The bold and brown aluminum frame will stand up to years of  fun and good times! -"
7554,CM-OT2126-E,Outdoor,End Table,,,,End Table,,CN,1,24.5,24,4.5,1.5,17,"22""L X 22""W X 22""H",Transitional,Aluminum,,,0,Desire,CM-OT2126-E.jpg,Brown Frame,Contemporary Style,Slatted Table Top,Aluminum Frame,Brown Finish,,,,,,,"Enjoy some amazing barbeques gathered round this gorgeous outdoor dining table. Create a beautiful backyard and set plate after plate of delicious food upon the charming, slatted table top. The bold and brown aluminum frame will stand up to years of  fun and good times! -"
7555,CM-OT2126-RC-2PK,Outdoor,Chair,Rocker Chair,"Swivel, Rocker",,Swivel Rocker Chair (2/CTN),,CN,1,36,25.5,25.5,13.5,57,"23""W X 28""D X 35""H (SEAT HT: 18"", SEAT DP: 19"")",Transitional,"Aluminum, Fabric",,,0,Desire,CM-OT2126RC-WB.jpg,Brown Frame/Pattern Cushion,Contemporary Style,Printed Fabric Seat Cushions,Swivel Rocking Chair,Aluminum Frame,Brown Finish,,,,,,"Enjoy some amazing barbeques gathered round this gorgeous outdoor dining table. Create a beautiful backyard and set plate after plate of delicious food upon the charming, slatted table top. The bold and brown aluminum frame will stand up to years of  fun and good times! -"
7556,CM-OT2126-RT,Outdoor,Dining Table,,,,Round Patio Dining Table,,CN,1,50,49.5,4.5,6.4,45,"48""DIA X 29 1/2""H",Transitional,Aluminum,,,0,Desire,CM-OT2126.jpg,Brown Frame,Contemporary Style,Slatted Table Top,Umbrella Ready Patio Table,Aluminum Frame,Brown Finish,,,,,,"Enjoy some amazing barbeques gathered round this gorgeous outdoor dining table. Create a beautiful backyard and set plate after plate of delicious food upon the charming, slatted table top. The bold and brown aluminum frame will stand up to years of  fun and good times! -"
7557,CM-OT2126-T,Outdoor,Dining Table,,,,Patio Dining Table,,CN,1,74,40,4.5,7.7,64,"72"" X 38"" X 29 1/2""H",Transitional,Aluminum,,,0,Desire,CM-OT2126.jpg,Brown Frame,Contemporary Style,Slatted Table Top,Umbrella Ready Patio Table,Aluminum Frame,Brown Finish,,,,,,"Enjoy some amazing barbeques gathered round this gorgeous outdoor dining table. Create a beautiful backyard and set plate after plate of delicious food upon the charming, slatted table top. The bold and brown aluminum frame will stand up to years of  fun and good times! -"
7558,CM-OT2125-AC-2PK,Outdoor,Arm Chair,,,,Arm Chair (2/CTN),,CN,1,30,26,40,18.1,42,"24""W X 26""D X 36""H (SEAT HT: 19 1/2"", SEAT DP: 19"")",Transitional,"Aluminum, Fabric",,,0,Charissa,CM-OT2125.jpg,Antique Black Frame/Ivory Cushion,Contemporary Style,Tie-back Seat Cushions,Ivory Fabric Cushions,Antique Black Finish,,,,,,,"Host a quaint dinner party outside with this charming outdoor dining set. The lengthy table top features a beautiful reinforced top with elegant mosaic detailing. For durability and style, the antique black fi nished aluminum framework can be found a long both table and chairs. Paired chairs also come with handy tie-back ivory cushions for extra comfort and charm. -"
7560,CM-OT2125-RT,Outdoor,Table,,,,Round Table,,CN,1,53,53,5,8.1,107.8,"48""DIA X 30""H",Transitional,"Aluminum, Glassfiber Reinforced Concrete",,,0,Charissa,CM-OT2125-RT.jpg,Antique Black Frame/Ivory Cushion,Contemporary Style,Glassfi ber Reinforced Concrete Top,Mosaic Details,Umbrella-Ready,Antique Black Finish,,,,,,"Host a quaint dinner party outside with this charming outdoor dining set. The lengthy table top features a beautiful reinforced top with elegant mosaic detailing. For durability and style, the antique black fi nished aluminum framework can be found a long both table and chairs. Paired chairs also come with handy tie-back ivory cushions for extra comfort and charm. -"
7561,CM-OT2125-T,Outdoor,Dining Table,,,,Patio Dining Table,,CN,1,88.5,47.5,5,12.2,220,"85 1/2""L X 43 1/2""W X 29 3/4""H",Transitional,"Aluminum, Glassfiber Reinforced Concrete",,,0,Charissa,CM-OT2125.jpg,Antique Black Frame,Contemporary Style,Glassfi ber Reinforced Concrete Top,Mosaic Details,Umbrella-Ready,Aluminum Frame,Antique Black Finish,,,,,"Host a quaint dinner party outside with this charming outdoor dining set. The lengthy table top features a beautiful reinforced top with elegant mosaic detailing. For durability and style, the antique black fi nished aluminum framework can be found a long both table and chairs. Paired chairs also come with handy tie-back ivory cushions for extra comfort and charm. -"
7562,CM-OT2303-AC-4PK,Outdoor,Arm Chair,,,,"Arm Chair, Fabric Cushion (4/CTN)","Furniture of America CHIARA I Contemporary Arm Chair, Fabric Cushion (4/CTN)",CN,1,35.5,27,44.8,24.8,81.4,"25 5/8""L X 26 3/4""W X 37 3/8""H (Seat Ht: 16 1/2"", Seat Dp: 19 1/4"")",Contemporary,"Fabric, Metal",100% Olifen,,0,CHIARA I,CM-OT2303-T.jpg,"Tan, Dark Gray",Contemporary Style,Fabric Cushion Included,Metal Frame,,,,,,,,"Along with the matching oval table, these fabric cushion arm chairs allow for increased seating comfort and relaxation.  - -"
7563,CM-OT2303-RC-2PK,Outdoor,Chair,Rocker Chair,"Swivel, Rocker",,"Swivel Rocker Chair, Fabric Cushion (2/CTN)","Furniture of America CHIARA I Contemporary Swivel Rocker Chair, Fabric Cushion (2/CTN)",CN,1,33.5,27,25.3,13.2,58.3,"25 5/8""L X 26 5/8""W X 37 5/8""H (Seat Ht: 16 1/2"", Seat Dp: 19 1/4"")",Contemporary,"Fabric, Metal",100% Olifen,,0,CHIARA I,CM-OT2303-T.jpg,"Tan, Dark Gray",Contemporary Style,Fabric Cushion Included,Swivel Rocking Chair,Metal Frame,,,,,,,"Along with the matching oval table, these fabric cushion arm chairs with rocker functionality allow for increased seating comfort and relaxation. - -"
7564,CM-OT2303-T,Outdoor,Dining Table,,,,Oval Patio Dining Table,Furniture of America CHIARA I Contemporary Oval Patio Dining Table,CN,1,89,44.5,4,9.2,64.9,"87""L X 42""W X 29 1/2""H",Contemporary,"Glass, Metal",,,0,CHIARA I,CM-OT2303-T.jpg,Dark Gray,Contemporary Style,Umbrella Ready Patio Table,Oval Table Top,Metal Frame,,,,,,,A modern twist that will easily liven up your outdoor space. This oval metal table offers ample seating space while the tall wicker arm chairs or fabric cushion chairs allow for increased seating comfort and relaxation. - -
7565,CM-OT2305-AC-2PK,Outdoor,Arm Chair,,,,"Arm Chair, Wicker (2/CTN)","Furniture of America CHIARA I Contemporary Arm Chair, Wicker (2/CTN)",CN,1,37.4,24.8,50.4,27,56.8,"25 5/8""L X 31 1/8""W X 46""H (Seat Ht: 16 3/4"", Seat Dp: 20 3/8"")",Contemporary,,,,0,CHIARA I,CM-OT2303-T+OT2305-AC.jpg,"Brown, Dark Gray",Contemporary Style,Swivel Rocking Chair,Two-Tone Wicker Seat,Metal Frame,,,,,,,"Along with the matching oval table, these tall wicker arm chairs allow for increased seating comfort and relaxation.  - -"
7566,CM-OT2305-RC-2PK,Outdoor,Chair,Rocker Chair,"Swivel, Rocker",,"Swivel Rocker Chair, Wicker (2/CTN)","Furniture of America CHIARA I Contemporary Swivel Rocker Chair, Wicker (2/CTN)",CN,1,38.6,26.4,25.3,14.9,64.2,"24""L X 30 5/8""W X 45 5/8""H (Seat Ht: 16 3/4"", Seat Dp: 20 3/8"")",Contemporary,,,,0,CHIARA I,CM-OT2303-T+OT2305-AC.jpg,"Brown, Dark Gray",Contemporary Style,Swivel Rocking Chair,Two-Tone Wicker Seat,Swivel Rocking Chair,Metal Frame,,,,,,"Along with the matching oval table, these tall wicker arm chairs with rocker functionality allow for increased seating comfort and relaxation. - -"
7567,CM-OT2303-RT,Outdoor,Dining Table,,,,Round Patio Dining Table,Furniture of America CHIARA II Contemporary Round Patio Dining Table,CN,1,44,44.5,3.5,4,49.7,"42 1/8""Dia X 29 1/2""H",Contemporary,,,,0,CHIARA II,CM-OT2303-RT.jpg,Dark Gray,Contemporary Style,Umbrella Ready Patio Table,Round Table Top,Metal Frame,,,,,,,"Stylishly designed with full metal construction, this round dining table set is the missing piece to updating any backyard. Detailed with interlocked metal weave detailing and plump seat cushions, this set will surely enhance backyard fun. - -"
7570,CM-OT2127-SET,Outdoor,Dining Set,,,"CM-OT2127-1, CM-OT2127-2",11 Pc. Patio Dining Set,Furniture of America Ashanti Contemporary 11 Pc. Patio Dining Set,,2,0,0,0,80.3,329.14,"TABLE: 82 1/2""L X 49 1/2""W X 29 3/4""H ARM CHAIR: 23 3/4""L X 22""W X 26 1/2""H (SEAT HT: 19 1/2"", SEAT DP: 17"") OTTOMAN: 19""L X 19""W X 16 1/2""H",Contemporary,"Aluminum, Fabric, Faux Rattan",,,0,Ashanti,CM-OT2127.jpg,Light Brown Wicker/Turquoise Cushion,Contemporary Style,8mm Tempered Glass Top,Turquoise Fabric Cushions,UV & Water Resistant,UV & Water Resistant,Light Brown Wicker,,,,,"With one large table, six arm chairs and four ottomans, you can be sure all your family and friends can gather comfortably around this lively, outdoor dining set. The light brown wicker frame provides a durable structure that is contrasted beautifull y by vibrant turqouise upholstery, ensuring ultimate comfort and a touch of fun! -"
7574,CM-OT2552-SET,Outdoor,Seating Set,,,"CM-OT2552-T, CM-OT2552-LV, CM-OT2552-AC-2PK, CM-OT2552-OT-2PK",6 Pc. Patio Sofa Set,Furniture of America NASHIRA Contemporary 6 Pc. Patio Sofa Set,,4,0,0,0,49.5,182.6,"49 5/8""L X 29 1/4""W X 31 1/4""H",Contemporary,,,,0,NASHIRA,CM-OT2552.jpg,Gray,Contemporary Style,Gray Plastic Wood-like Table Top,Gray Fabric Cushions,Ottomans Included,UV & Water Resistant,Gray Wicker,,,,,"Have dinner under the stars with this beautiful wicker patio dining set. Multiple seats for your family and friends allow you to enjoy a warm summer night outdoors while cushioned seats provide optimal comfort. A prebuilt umbrella hole within the tem pered glass table top ensures safety from the sun when needed. Nesting ottomans add convenience, maximizing walkway areas for space-conscious backyards. -"
7578,CM-OT2101-SET,Outdoor,Dining Set,,,"CM-OT2101-1, CM-OT2101-2",9 Pc. Patio Dining Set,Furniture of America KEISHA Contemporary 9 Pc. Patio Dining Set,,2,0,0,0,48.6,198,"49 1/4""L X 49 1/4""W X 29 1/2""H, 23 5/8""L X 23 5/8""W X 35 3/8""H (Seat Ht: 19"", Seat Dp: 18""), 17 3/4""L X 17 3/4""W X 15 3/8""H",Contemporary,"Aluminum, Fabric, Tempered Glass",100% Polyester,,0,KEISHA,CM-OT2101.jpg,"White, Espresso",Contemporary Style,Espresso Wicker Frame,UV & Water Resistant,White Fabric Cushions,Includes 4 Nesting Ottomans,Square 8mm Smoky Tempered Glass Top,Tempered Glass Top,,,,"Call up a few friends and spark up the grill! The chic espresso wicker frame is a stark contrast against the bright white fabric cushions. This exquisite set is complete with a square, tempered smoke glass table top, doubling as a storage piece when  the ottomans are tucked below by the legs.  -"
7579,CM-OT1850-AC-4PK,Outdoor,Arm Chair,,,,Arm Chair (4/CTN),Furniture of America AYESHA Contemporary Arm Chair (4/CTN),CN,1,22.6,30.1,37.6,14.8,36.3,"22""W X 24""D X 32 5/8""H  (Seat Ht: 17 3/8"", Seat Dp: 17 1/8"")",Contemporary,,,,0,AYESHA,CM-OT1850.jpg,Gray,Contemporary Style,Aluminum Frame,UV & Water Resistant,Gray Wicker,,,,,,,"Enjoy warm weekend brunches on your back patio or deck with this beautiful patio dining set. A wicker-like design paired with the tempered glass table top is sure to last all year with the aluminum framework. Chrome accents on the feet add a stylish,  modern touch.  -"
7580,CM-OT1850-T,Outdoor,Dining Table,,,,Patio Dining Table,Furniture of America AYESHA Contemporary Patio Dining Table,CN,1,36.6,36.6,3.5,2.7,34.1,"35 3/8""L X 35 3/8""W X 30 3/4""H",Contemporary,,,,0,AYESHA,CM-OT1850.jpg,Gray,Contemporary Style,5mm Tempered Glass Top,Open Shelf,Aluminum Frame,UV & Water Resistant,Gray Wicker,,,,,"Enjoy warm weekend brunches on your back patio or deck with this beautiful patio dining set. A wicker-like design paired with the tempered glass table top is sure to last all year with the aluminum framework. Chrome accents on the feet add a stylish,  modern touch.  -"
7583,CM-OT2102-SET,Outdoor,Seating Set,,,"CM-OT2102-1, CM-OT2102-2",3 Pc. Patio Dining Set,Furniture of America WISHEKA Contemporary 3 Pc. Patio Dining Set,,2,0,0,0,44.9,150,"59""L X 31 1/2""W X 28 3/4""H, 83 1/2""L X 64""W X 38""H (Seat Ht: 18 1/2"", Seat Dp: 18 1/2""), 42 1/2""L X 21 1/2""W X 17 3/4""H",Contemporary,"Aluminum, Fabric, Tempered Glass",100% Polyester,,0,WISHEKA,CM-OT2102.jpg,"White, Gray",Contemporary Style,Includes 1 Ottoman & 1 Table,Gray Wicker Frame,UV & Water Resistant,5mm Black Tempered Glass Top,White Fabric Cushions,,,,,"When the birds are chirping, grab a good book or a light snack and enjoy the sounds of nature outdoor with this patio set. The unique gray wicker frame is paired with beautiful white fabric cushions and a sleek black tempered glass tabletop, making i t a modern masterpiece perfect for any home. -"
7584,CM-OT1823GY-AC-2PK,Outdoor,Arm Chair,,,,"Arm Chair, Gray (2/CTN)","Furniture of America LEODORE Contemporary Arm Chair, Gray (2/CTN)",CN,1,31.5,23.5,23,9.9,42.2,"28 1/2""L X 26 1/2""W X 35""H (Seat Ht: 18"", Seat Dp: 19"")",Contemporary,"Aluminum, Fabric",100% Polyester,,0,LEODORE,CM-OT1823-T.jpg,Gray,Contemporary Style,Cushions Included,Espresso Wicker Frame,Gray or White Fabric Seats,,,,,,,"Change up the scenery and enjoy a day in your backyard! Style your outdoor area with this outdoor arm chair with aluminum and wicker frame and comfortable fabric seat cushion, which comes in either white or gray color options. - -"
7585,CM-OT1823-T,Outdoor,Dining Table,,,,Patio Dining Table,Furniture of America LEODORE Contemporary Patio Dining Table,CN,1,68,42.5,4,6.7,68.9,"66""L X 40""W X 28 1/2""H",Contemporary,"Aluminum, Fabric, Tempered Glass",,,0,LEODORE,CM-OT1823-T.jpg,Espresso,Contemporary Style,5mm Black Tempered Glass Top,Umbrella Ready Patio Table,Espresso Wicker Frame,,,,,,,Change up the scenery and enjoy a day in your backyard! Style your outdoor area with this table set featuring aluminum and wicker frames and comfortable fabric seat cushions. Imagine the endless possibilities of fun and excitement of having a home-co oked meal served outside or just catching up with friends with this outdoor table set.  -
7586,CM-OT1824GY-SC-2PK,Outdoor,Side Chair,,,,"Side Chair, Gray (2/CTN)","Furniture of America LEODORE Contemporary Side Chair, Gray (2/CTN)",CN,1,30.8,20.3,35.5,12.8,32.8,"19""L X 24""W X 35""H (Seat Ht: 20"", Seat Dp: 19"")",Contemporary,"Aluminum, Fabric",100% Polyester,,0,LEODORE,CM-OT1823-T.jpg,Gray,Contemporary Style,Cushions Included,Espresso Wicker Frame,Gray or White Fabric Seats,,,,,,,"Change up the scenery and enjoy a day in your backyard! Style your outdoor area with this outdoor side chair with aluminum and wicker frame and comfortable fabric seat cushion, which comes in either white or gray color options. - -"
7587,CM-OT1824-T,Outdoor,Dining Table,,,,Patio Dining Table,Furniture of America COMIDORE Contemporary Patio Dining Table,CN,1,68,40.8,4.5,7.2,75,"66 3/4""L X 39""W X 29 1/4""H",Contemporary,"Aluminum, Fabric, Tempered Glass",,,0,COMIDORE,CM-OT1824WH.jpg,Espresso,Contemporary Style,5mm Black Tempered Glass Top,Umbrella Ready Patio Table,Espresso Wicker Frame,,,,,,,"Made specifically to withstand the elements of nature, this outdoor table set is a great addition to any backyard needing a new look and style. These pieces feature a durable aluminum and wicker material that is weather resistant to battle natural mo ld build-up and deterioration. -"
7588,CM-OT1852-AC-4PK,Outdoor,Arm Chair,,,,Arm Chair (4/CTN),Furniture of America NATASHA Contemporary Arm Chair (4/CTN),CN,1,40.9,22.9,27.5,14.9,36,"22""W X 23""D X 35 1/2""H (Seat Ht: 19 1/4"", Seat Dp: 17 1/4"")",Contemporary,,,,0,NATASHA,CM-OT1852.jpg,"Brown, White",Contemporary Style,White Fabric Cushions,Aluminum Frame,UV & Water Resistant,Brown Wicker,,,,,,Enjoy dinner and drinks under the moon in your backyard with this beautiful patio dining set. This chair feature a removable fabric cushion for your comfort.  - -
7591,CM-OT1852-T-TABLE,Outdoor,Dining Table,,,"CM-OT1852-T-1, CM-OT1852-T-2",Patio Dining Table,Furniture of America NATASHA Contemporary Patio Dining Table,,2,0,0,0,3.8,50,"39 3/8""L X 39 3/8""W X 29 1/8""H",Contemporary,,,,0,NATASHA,CM-OT1852.jpg,Brown,Contemporary Style,8mm Smoky Tempered Glass Top,White Fabric Cushions,Aluminum Frame,UV & Water Resistant,Brown Wicker,,,,,Enjoy dinner and drinks under the moon in your backyard with this beautiful patio dining set. Have an intimate dinner party under the stars with your guests or enjoy summer BBQ痴 under the warm sunshine. The smoky tempered glass table top features a  built-in umbrella hole while four arm chairs each feature a removable fabric cushion for your comfort.  -
7592,CM-OT1853-RT-1,Outdoor,Dining Table,,,,Patio Dining Table,Furniture of America SHANIA Contemporary Patio Dining Table,CN,1,48,48,3.5,4.7,42.5,"D47 1/4*28 1/2""H",Contemporary,,,,#N/A,SHANIA,CM-OT1853.jpg,Brown,,,,,,,,,,,
7593,CM-OT1853-RT-TABLE,Outdoor,Dining Table,,,"CM-OT1853-RT-1, CM-OT1853-RT-2",Round Patio Dining Table,Furniture of America SHANIA Contemporary Round Patio Dining Table,,2,0,0,0,9,52.7,"47 1/4""DIA X 29 1/8""H",Contemporary,,,,0,SHANIA,CM-OT1852.jpg,Brown,,,,,,,,,,,
7594,CM-OT1866-AC-2PK,Outdoor,Arm Chair,,,,Arm Chair (2/CTN),Furniture of America SHIVANI Contemporary Arm Chair (2/CTN),CN,1,22.5,25.6,27.1,9,29.7,"215/8""L X 28""W X 32 5/8""H (Seat Ht: 18 7/8""H, Seat Dp: 19 1/4"")",Contemporary,,,,0,SHIVANI,CM-OT1866-T.jpg,"Silver, Gray",Contemporary Style,Light Gray Fabric Cushions,Silver Tapered Legs,Aluminum Frame,UV & Water Resistant,Gray Wicker,,,,,"Whether the sun is shining overhead or dark clouds threaten to pour rain, this outdoor table and chairs set is ready to make your day! The weather and UV resistant materials make this chair safe for all weather. Sit upon the cushioned chairs and admi re the angled support legs to make the most of your relaxing downtime as you bask in the fresh air. -"
7595,CM-OT1866-AC-4PK,Outdoor,Arm Chair,,,,Arm Chair (4/CTN),Furniture of America SHIVANI Contemporary Arm Chair (4/CTN),CN,1,23.2,27.5,54.4,20.1,57.2,"215/8""L X 28""W X 32 5/8""H (Seat Ht: 18 7/8""H, Seat Dp: 19 1/4"")",Contemporary,,,,0,SHIVANI,CM-OT1866-T.jpg,"Silver, Gray",Contemporary Style,Light Gray Fabric Cushions,Silver Tapered Legs,Aluminum Frame,UV & Water Resistant,Gray Wicker,,,,,"Whether the sun is shining overhead or dark clouds threaten to pour rain, this outdoor table and chairs set is ready to make your day! The weather and UV resistant materials make this chair safe for all weather. Sit upon the cushioned chairs and admi re the angled support legs to make the most of your relaxing downtime as you bask in the fresh air. -"
7596,CM-OT1866-RT,Outdoor,Dining Table,,,,Round Patio Dining Table,Furniture of America SHIVANI Contemporary Round Patio Dining Table,CN,1,42.5,42.2,3,3.1,46.2,"41 3/8""DIA X 28 3/8""H",Contemporary,,,,0,SHIVANI,CM-OT1866-RT.jpg,Silver,Contemporary Style,Plank Style Design,2 Table Top Options Available,Light Gray Fabric Cushions,Silver Tapered Legs,Aluminum Frame,UV & Water Resistant,Gray Wicker,,,"Whether the sun is shining overhead or dark clouds threaten to pour rain, this outdoor round table and chairs set is ready to make your day! The weather and UV resistant materials make this set safe for all weather while the included umbrella hole bu ilt into the table makes it useful rain or shine. Sit upon the cushioned chairs and admire the angled support legs to make the most of your relaxing downtime as you bask in the fresh air. -"
7597,CM-OT1866-T,Outdoor,Dining Table,,,,Patio Dining Table,Furniture of America SHIVANI Contemporary Patio Dining Table,CN,1,72,32.5,3,4.1,77,"70 7/8""L X 35 3/8""W X 28 3/4""H",Contemporary,,,,0,SHIVANI,CM-OT1866-T.jpg,Silver,Contemporary Style,Plank Style Design,2 Table Top Options Available,Light Gray Fabric Cushions,Silver Tapered Legs,Aluminum Frame,UV & Water Resistant,Gray Wicker,,,"Whether the sun is shining overhead or dark clouds threaten to pour rain, this outdoor table and chairs set is ready to make your day! The weather and UV resistant materials make this set safe for all weather while the included umbrella hole built in to the table makes it useful rain or shine. Sit upon the cushioned chairs and admire the angled support legs to make the most of your relaxing downtime as you bask in the fresh air. -"
7598,CM-BN1869A,Outdoor,Bench,,,,"Outdoor Bench, Oak","Furniture of America ISHA Transitional Outdoor Bench, Oak",CN,1,49.6,32.5,3.8,3.5,27.5,"47 1/4""L X 22""W X 33 1/2""H",Transitional,,,,0,ISHA,CM-BN1869A.jpg,Oak,Transitional Style,Slatted Design,Aluminum Frame,UV & Water Resistant,Oak Finish,,,,,,"Add an extra seating area to your backyard with this charming outdoor patio bench in oak finish. Sit outside and admire the nature, listen to the birds chirp and feel the warm breeze pass by as you relax upon this simple slatted wood panel design. - -"
7599,CM-BN1869GY,Outdoor,Bench,,,,"Outdoor Bench, Gray","Furniture of America ISHA Transitional Outdoor Bench, Gray",CN,1,49.6,32.5,3.8,3.5,27.5,"47 1/4""L X 22""W X 33 1/2""H",Transitional,,,,0,ISHA,CM-BN1869GY.jpg,Gray,Transitional Style,Slatted Design,Aluminum Frame,UV & Water Resistant,Gray Finish,,,,,,"Add an extra seating area to your backyard with this charming outdoor patio bench in gray finish. Sit outside and admire the nature, listen to the birds chirp and feel the warm breeze pass by as you relax upon this simple slatted wood panel design. - -"
7600,CM-OT1868-AC-2PK,Outdoor,Arm Chair,,,,Arm Chair (2/CTN),Furniture of America OSHAWA Contemporary Arm Chair (2/CTN),CN,1,23,28.1,36.4,13.6,26.4,"22 1/4""L X 24 3/8""W X 34 1/4""H (Seat Ht: 17 1/8"", Seat Dp: 19 1/4"")",Contemporary,,,,0,OSHAWA,CM-OT1868.jpg,"Oak, Gray",Contemporary Style,Plank Style Design,Mesh Back & Seat,Aluminum Frame,UV & Water Resistant,Oak & Gray Finish,,,,,"With its weather-resistant materials and industrial appearance, this outdoor dining set will quickly become the talk of the neighborhood! Each chair comes with matching wood-like armrests while the mesh back and seat add sturdy support and comfort. S upported atop aluminum framework, these pieces offer the winning combination for simple and easy outdoor dining. -"
7601,CM-OT1868-AC-4PK,Outdoor,Arm Chair,,,,Arm Chair (4/CTN),Furniture of America OSHAWA Contemporary Arm Chair (4/CTN),CN,1,23,32.2,41.5,17.8,49.3,"22 1/4""L X 24 3/8""W X 34 1/4""H (Seat Ht: 17 1/8"", Seat Dp: 19 1/4"")",Contemporary,,,,0,OSHAWA,CM-OT1868.jpg,"Oak, Gray",Contemporary Style,Plank Style Design,Mesh Back & Seat,Aluminum Frame,UV & Water Resistant,Oak & Gray Finish,,,,,"With its weather-resistant materials and industrial appearance, this outdoor dining set will quickly become the talk of the neighborhood! Each chair comes with matching wood-like armrests while the mesh back and seat add sturdy support and comfort. S upported atop aluminum framework, these pieces offer the winning combination for simple and easy outdoor dining. -"
7602,CM-OT1868-T,Outdoor,Dining Table,,,,Patio Dining Table,Furniture of America OSHAWA Contemporary Patio Dining Table,CN,1,64.1,36.4,4.5,6.1,62.7,"63""L X 35 3/8""W X 29 1/8""H",Contemporary,,,,0,OSHAWA,CM-OT1868.jpg,"Oak, Gray",Contemporary Style,Plank Style Design,Mesh Back & Seat,Aluminum Frame,UV & Water Resistant,Oak & Gray Finish,,,,,"With its weather-resistant materials and industrial appearance, this outdoor dining set will quickly become the talk of the neighborhood! The plank style table top provides the oak wood look while retaining a water and UV resistant design for a versa tile all-weather design. Each chair comes with matching wood-like armrests while the mesh back and seat add sturdy support and comfort. Supported atop aluminum framework, these pieces offer the winning combination for simple and easy outdoor dining. -"
7603,CM-OT1801-CH-2PK,Outdoor,Chair,Folding Metal Chair,Folding,,Folding Metal Chair (2/CTN),Furniture of America ASTER Contemporary Folding Metal Chair (2/CTN),CN,1,42,17.3,7.5,3.1,35.2,"16""L X 20 1/2""W X 37""H",Contemporary,"Cast Iron, Concrete",,,0,ASTER,CM-OT1801T.jpg,"Blue, Black",Transitional Style,Mosaic Fine Points,Curved Structure Details,Cast Iron Structure,Weather Resistant,Blue & Black Finish,,,,,Enjoy the outdoors in the convenience of your own home with this detailed mosaic inspired bistro chair that beautifully show off the various colored tiles. This piece will vitalize and backyard or home garden space. - -
7604,CM-OT1801-T,Outdoor,Table,,,,Metal Table w/ Mosaic Top,Furniture of America ASTER Contemporary Metal Table w/ Mosaic Top,CN,1,26.3,26.5,3.3,1.3,38.5,"23 3/5""Dia X 27 1/2""H",Contemporary,"Cast Iron, Concrete",,,0,ASTER,CM-OT1801T.jpg,"Blue, Black",Transitional Style,Mosaic Fine Points,Curved Structure Details,Cast Iron Structure,Weather Resistant,Blue & Black Finish,,,,,Enjoy the outdoors in the convenience of your own home with this detailed mosaic inspired bistro set that beautifully show off the various colored tiles. This piece will vitalize and backyard or home garden space. - -
7605,CM-OT1804,Outdoor,Seating Set,,,,3 Pc. Patio Set,Furniture of America SEREN Cottage 3 Pc. Patio Set,CN,1,39,24.6,14.8,8.2,27.5,"23 5/8""L X 23 5/8""W X 28 3/8""H",Cottage,,,,0,SEREN,CM-OT1804.jpg,Espresso,Cottage Style,Folding Design,Aluminum Frame,UV & Water Resistant,Espresso Wicker,,,,,,"With its sophisticated wicker-like design and aluminum frame, this bistro set offers an intimate meal space for two to enjoy! Sit out on your porch with a refreshing chilled drink, or fold the chairs and table for easy transport. No matter what your  preference is, make the most of your downtime by inviting that special someone over for a meal al fresco. -"
7606,CM-OT1810-CH-2PK,Outdoor,Chair,Folding Metal Chair,Folding,,Folding Metal Chair (2/CTN),Furniture of America BETIM Contemporary Folding Metal Chair (2/CTN),CN,1,41.6,15.6,8.6,3.2,34.1,"15 1/3""L X 16 4/5""W X 38 4/5""H",Contemporary,"Concrete, Metal",,,0,BETIM,CM-OT1810-T.jpg,Black,Matching Stone Backrest,Decorated Stone Backrest,Contoured Legs,Metal & Concrete,Black Finish,,,,,,"Enjoy relaxing on this outdoor chair, featuring a unique stone decorated stone backrest. - -"
7609,CM-OT1810-T-PK,Outdoor,Table,,,"CM-OT1810-T-1, CM-OT1810-T-2",Metal Table w/ Stone Top,Furniture of America BETIM Contemporary Metal Table w/ Stone Top,,2,0,0,0,1.8,35.2,"23 3/5""Dia X 28 1/3""H",Contemporary,"Concrete, Metal",,,0,BETIM,CM-OT1810-T.jpg,Black,Matching Stone Backrest,Decorated Stone Top,Contoured Legs,Metal & Concrete,Black Finish,,,,,,Enjoy having a meal or some tea on this outdoor table and chair set featuring a unique stone decorated table top with matching chairs. - -
7610,CM-OT2129-AC-2PK,Outdoor,Arm Chair,,,,Arm Chair (2/CTN),,CN,1,37.2,23.5,9.9,5,25.5,"22""L X 24 3/8""W X 35""H (SEAT HT: 20""H, SEAT DP: 18 1/2"")",Transitional,"Aluminum, Fabric",,,0,Jessa,CM-OT2129.jpg,Antique Brass/Brown Cushion,Contemporary Style,Weather Resistant,Antique Brass Finish,Basket Weave Chair Backs,Brown Fabric Cushions,,,,,,
7611,CM-OT2129-T,Outdoor,Table,,,,Round Table,,CN,1,29.5,25.6,4.2,1.8,35.2,"23 5/8""DIA X 29 1/4""H",Transitional,"Aluminum, Fabric",,,0,Jessa,CM-OT2129.jpg,Antique Brass/Brown Cushion,Contemporary Style,Weather Resistant,Antique Brass Finish,,,,,,,,Dine with a friend while relaxing upon this delightful bistro set! The three-piece design makes it easy to carry a conversation one-on-one and simultaneously enjoy a light snack or meal. - -
7612,CM-OC1765-AC,Outdoor,Chair,,,,Arm Chair,Furniture of America CORDELIA Contemporary Arm Chair,CN,1,31.2,30.9,11,6.1,12.1,"27 1/2""L X 31  1/4""W X 30 1/8""H (Seat Ht: 16 1/2"", Seat Dp: 16 1/8"")",Contemporary,,,,0,CORDELIA,CM-OC1765-AC.jpg,"Light Gray, Gray",Contemporary Style,Plank Style Design,Light Gray Fabric Cushions,Aluminum Frame,UV & Water Resistant,Gray Finish,,,,,"Sit outside on this armchair with your significant other and enjoy the brisk afternoon breeze with a pair of refreshing drinks close at hand. The padded cushions along the backrest and seat cushions provide plenty of comfort as you relax out under th e sun, leaning against the sturdy metal armrest. Rain or shine, this comfy collection with plank style tables are the perfect outdoor fixtures for a fun time in the open air. -"
7613,CM-OC1765-C,Outdoor,Coffee Table,,,,Coffee Table,Furniture of America CORDELIA Contemporary Coffee Table,CN,1,39.8,24.6,4.8,2.7,17.6,"43 1/4""L X 23 1/4""W X 17 3/4""H",Contemporary,,,,0,CORDELIA,CM-OC1765.jpg,Gray,Contemporary Style,Plank Style Design,Aluminum Frame,UV & Water Resistant,Gray Finish,,,,,,"Sit outside with your significant other and enjoy the brisk afternoon breeze with a pair of refreshing drinks close at hand on top of this gray coffee table. Rain or shine, this comfy collection with plank style tables are the perfect outdoor fixture s for a fun time in the open air. -"
7614,CM-OC1765-E,Outdoor,End Table,,,,End Table,Furniture of America CORDELIA Contemporary End Table,CN,1,25.2,24.6,4.8,1.7,11,"23""L X 19 5/8""W X 23""H",Contemporary,,,,0,CORDELIA,CM-OC1765.jpg,Gray,Contemporary Style,Plank Style Design,Aluminum Frame,UV & Water Resistant,Gray Finish,,,,,,"Sit outside with your significant other and enjoy the brisk afternoon breeze with a pair of refreshing drinks close at hand on top of this gray end table. Rain or shine, this comfy collection with plank style tables are the perfect outdoor fixtures f or a fun time in the open air. -"
7615,CM-OC1765-LV,Outdoor,Love Seat,,,,Patio Love Seat,Furniture of America CORDELIA Contemporary Patio Love Seat,CN,1,47,31.2,11,9.3,36.3,"50 3/8""L X 31  1/4""W X 30 1/8""H  (Seat Ht: 16 1/2"", Seat Dp: 16 1/8"")",Contemporary,,,,0,CORDELIA,CM-OC1765-LV.jpg,"Light Gray, Gray",Contemporary Style,Plank Style Design,Light Gray Fabric Cushions,Aluminum Frame,UV & Water Resistant,Gray Finish,,,,,"Sit outside on this loveseat with your significant other and enjoy the brisk afternoon breeze with a pair of refreshing drinks close at hand. The padded cushions along the backrest and seat cushions provide plenty of comfort as you relax out under th e sun, leaning against the sturdy metal armrest. Rain or shine, this comfy collection with plank style tables are the perfect outdoor fixtures for a fun time in the open air. -"
7616,CM-OT1812-3PK,Outdoor,Seating Set,,,"CM-OT1812-T, CM-OT1812-CH",3 Pc. Patio Set,Furniture of America ARIMO Contemporary 3 Pc. Patio Set,,3,0,0,0,49.6,42.7,"End Table: 18""L X 18""W X 21 3/8""H, Chair: 23 1/4""L X 24 3/4""W X 30 3/4""H (Seat Ht: 16 1/4"", Seat Dp: 17 1/4"")",Contemporary,"Aluminum, Faux Rattan",,,0,ARIMO,CM-OT1812-3PK.jpg,Espresso,Contemporary Style,5mm Tempered Clear Glass Top,UV & Water Resistant,Open Shelf,Espresso Wicker Frame,,,,,,"Add an inviting touch to your patio or backyard with this charming wicker set, featuring one end table and two chairs, sure to enhance the beauty of your home. - -"
7619,CM-OT1815-3PK,Outdoor,Seating Set,,,,3 Pc. Patio Set,Furniture of America PRIYA Contemporary 3 Pc. Patio Set,CN,1,37.8,22.9,24.4,12.2,35,"22""L x 23""W x 35 1/2""H (Seat Ht: 17 1/8"", Seat Dp: 17 3/4"")",Contemporary,,,,0,PRIYA,CM-OT1815.jpg,"White, Brown",Contemporary Style,5mm Tempered Glass Top,White Fabric Cushions,Aluminum Frame,UV & Water Resistant,Brown Wicker,,,,,Catch your breath after a long week by relaxing in the quiet of your own backyard. Two patio chairs come paired with a side table for you to enjoy with a refreshing drink. Fabric cushioned seats offer comfort for for hours and the sturdy wicker frame  ensures a long-lasting design. -
7620,CM-OT1846-5PK,Outdoor,Seating Set,,,,5 Pc. Patio Chair Set,Furniture of America MALINDA Contemporary 5 Pc. Patio Chair Set,CN,1,26.8,29.1,55.1,24.9,59,"18 1/8""Dia X 20 7/8""H, 26""L X 28 3/4""W X 31 1/2""H (Seat Ht: 20"", Seat Dp: 20 1/2"") 18 1/2""L X 18 1/2""W X 14 3/8""H",Contemporary,"Aluminum, Fabric, Tempered Glass",100% Polyester,,0,MALINDA,CM-OT1846-5PK.jpg,"Espresso, Ivory",Contemporary Style,5mm Tempered Glass Top,Espresso Wicker Frame,UV & Water Resistant,Removable Cushions,Ivory Fabric Cushions,,,,,Spend some time outside with your favorite person. This five piece set is perfect for lounging and enjoying a nice glass of iced tea. Wicker arm chairs with padded fabric cushion seating are paired with coordinating ottomans and accompanied with a ha ndy round glass top end table. -
7621,CM-OT2550-AC,Outdoor,Arm Chair,,,,Arm Chair + Ottoman,Furniture of America ALMADA Contemporary Arm Chair + Ottoman,CN,1,26,23,34,11.8,21,"21 5/8""L X 24 3/8""W X 32 5/8""H (Seat Ht: 16 1/2"", Seat Dp: 18 1/8""), 18 1/2""L X 17 3/4""W X 14 1/8""H",Contemporary,"Aluminum, Fabric",100% Polyester,,0,ALMADA,CM-OT2550-T.jpg,"Brown, Espresso",Contemporary Style,Nesting Chair and Ottoman,Brown Fabric Cushions,UV & Water Resistant,Espresso Wicker Frame,,,,,,Create cozy and convenient sitting area for your patio or front porch. The handy ottoman companion easily stows away below the arm chair and features a matching brown cushion for added comfort. - -
7622,CM-OT2550-T,Outdoor,Side Table,,,,Round Side Table,Furniture of America ALMADA Contemporary Round Side Table,CN,1,20,20,19,4.4,11,"18 7/8""Dia X 17""H",Contemporary,"Aluminum, Glass",,,0,ALMADA,CM-OT2550-T.jpg,Espresso,Contemporary Style,Round 5mm Clear Glass Top,UV & Water Resistant,Espresso Wicker Frame,,,,,,,This charming outdoor side table allows you to enjoy both a cold drink and warm sunshine at the same time. - -
7623,CM-OT2130,Outdoor,Seating Set,,,,3 Pc. Patio Seating Set,,CN,1,30.2,24.4,20.2,8.6,45.1,"E: 17 1/2""L X 17 1/2""W X 18 1/8""H   AC: 24 3/8""L X 32""W X 33""H (SEAT HT: 17 1/2""H, SEAT DP: 19"")",Transitional,"Aluminum, Fabric, Faux Rattan, Glass",,,0,Juno,CM-OT2130.jpg,Gray Wicker/Gray Cushion/Black Top,Contemporary Style,5mm Black Tempered,Glass Top,Removable Cushions,UV & Water Resistant,Gray Wicker,Gray Fabric Cushion,,,,Subtle designs take comfort and relaxation to the next level. This neutral set features a beautiful framework that will stand time and weather. The paired end table doubles as a decorative fi xture or seating companion to keep drinks and accessories  near at hand. -
7624,CM-OT2131,Outdoor,Serving Cart,,,,Searving Cart,,CN,1,43.1,30.1,4.1,3.1,26.4,"35 3/4""L X 23 1/2""W X 30""H",Transitional,Aluminum & Others,,,0,Leena,CM-OT2131.jpg,White/Oak,Contemporary Style,Aluminum Frame,Slat Panel Shelves,Oversized Wheels,White & Oak Finish,,,,,,Send the party outside with this handy serving cart! The sleek white finish off ers a modern framework and slatted panels line the two shelf tiers. Easily pull the cart in and out of the house and watch it become the center of attention. - -
7625,CM-OT2132,Outdoor,Seating Set,,,,3 Pc. Patio Seating Set,,CN,1,27,27.3,29.3,12.5,35.2,"T: 17 3/4""DIA X 17 1/2""H   AC: 26 3/8""L X 29""W X 32 1/4""H (SEAT HT: 18 1/2""H, SEAT DP: 18 1/2"")   OT: 23""L X 16 1/8""W X 16 7/8""H",Transitional,"Aluminum, Fabric, Glass",,,0,Kali,CM-OT2132.jpg,Gray Wicker/Gray Cushion,Contemporary Style,Silver Tapered Legs,5mm Tempered Glass Top,Removable Cushions,UV & Water Resistant,Gray Wicker,Aluminum Frame,Gray Fabric Cushion,,,"A revolutionary twist with its gray and silver colorings, this threepiece outdoor set off ers undeniable style and convenience. Each piece showcases a gray wicker frame with smooth curvature while silver finished metal legs add contrast with their le ngthy tapering design. -"
7626,CM-OC2120-CH,Outdoor,Chair,,,,Chair w/ Ottoman,Furniture of America LILI Contemporary Chair w/ Ottoman,CN,1,38.4,26.1,26.8,15.5,26.4,"22""L x 16 1/2""W x 13 3/8""H",Contemporary,,,,0,LILI,CM-OC2120.jpg,"Gray, Silver",Contemporary Style,Gray Fabric Cushions,Silver Tapered Legs,Aluminum Frame,UV & Water Resistant,Gray Wicker,,,,,"Take your afternoon nap out under the sun! Whether you plan to stretch out and relax or just enjoy the fresh air with a chilled drink, be ready for a warm and inviting afternoon spent lounging in comfy luxury. Mid-century modern inspired designs ensu re a stylish accent by the pool or out on the deck. -"
7627,CM-OC2120-T,Outdoor,Side Table,,,,Side Table,Furniture of America LILI Contemporary Side Table,CN,1,18.2,17.9,2.4,0.5,8.8,"17 3/4""DIA X 18 1/8""H",Contemporary,,,,0,LILI,CM-OC2120.jpg,Silver,Contemporary Style,5mm Black Tempered Glass Top,,Silver Tapered Legs,Aluminum Frame,UV & Water Resistant,Gray Wicker,,,,"Take your afternoon nap out under the sun! Whether you plan to stretch out and relax or just enjoy the fresh air with a chilled drink, be ready for a warm and inviting afternoon spent lounging in comfy luxury. Mid-century modern inspired designs ensu re a stylish accent by the pool or out on the deck. -"
7628,CM-OC2123,Outdoor,Chaise,,,,Patio Chaise,Furniture of America GIGI Contemporary Patio Chaise,CN,1,80.8,29.5,9,12.4,41,"78 3/4""L X 27 1/2""W X 34 5/8""H",Contemporary,"Aluminum, Fabric",100% Polyester,,0,GIGI,CM-OC2123.jpg,"White, Gray",Contemporary Style,Contoured Curves,Adjustable Back,UV & Water Resistant,White Fabric Cushions,Gray Wicker Frame,,,,,"Enjoy a day of lounging by the pool with the help of this fabulous chaise. Its body contouring design and padded fabric cushions, paired with the adjustable back, makes this chair an exquisite addition to your backyard. - -"
7629,CM-OC1822BR,Outdoor,Chaise,,,,"Patio Chaise, Brown","Furniture of America ALBEE Contemporary Patio Chaise, Brown",CN,1,77.5,14,27.5,17.3,36.3,"77 3/4""L X 26 3/4""W X 12 5/8""H",Contemporary,"Aluminum, Fabric, Faux Rattan",100% Polyester,,0,ALBEE,CM-OC1822BR.jpg,"Brown Cushions, Espresso Frame",Contemporary Style,Brown or Ivory Fabric Cushions,UV & Water Resistant,Adjustable Back,Espresso Wicker Frame,,,,,,Bathe in the light while looking fashionable with this trendy yet simple outdoor chaise. The adjustable back offers personalized comfort and brown cushions provide hours of relaxation. - -
7630,CM-OC1833GY,Outdoor,Chaise,,,,"Patio Chaise w/ Pillow, Gray","Furniture of America ALBEE II Contemporary Patio Chaise w/ Pillow, Gray",CN,1,77.5,14,27.5,17.3,36.3,"77""L X 26""W X 16 1/2""H (Up to 42 3/4""H)",Contemporary,"Aluminum, Fabric",100% Polyester,,0,ALBEE II,CM-OC1833GY.jpg,"Gray, Espresso",Contemporary Style,UV & Water Resistant,Adjustable Back,Espresso Wicker Frame,Gray or White Fabric Cushions,,,,,,"Enjoy a day in the sun with this spacious padded fabric chaise! Constructed of an internal aluminum frame wrapped in tones of brown wicker, this piece will spruce up any outdoor space! Available in 2 cushion colors. - -"
7631,CM-OC1833WH,Outdoor,Chaise,,,,"Patio Chaise w/ Pillow, White","Furniture of America ALBEE II Contemporary Patio Chaise w/ Pillow, White",CN,1,77.5,14,27.5,17.3,36.3,"77""L X 26""W X 16 1/2""H (Up to 42 3/4""H)",Contemporary,"Aluminum, Fabric",100% Polyester,,0,ALBEE II,CM-OC1833WH.jpg,"White, Espresso",Contemporary Style,UV & Water Resistant,Adjustable Back,Espresso Wicker Frame,Gray or White Fabric Cushions,,,,,,"Enjoy a day in the sun with this spacious padded fabric chaise! Constructed of an internal aluminum frame wrapped in tones of brown wicker, this piece will spruce up any outdoor space! Available in 2 cushion colors. - -"
7632,CM-OC2122,Outdoor,Chaise,,,,Patio Chaise,,CN,1,79.9,48.4,15,33.5,77.8,"78 3/4""L X 47 1/4""W X 16""H (UP TO 41""H) (SEAT HT: 16""H, SEAT DP: 45 1/2"")",Contemporary,"Aluminum, Fabric, Faux Rattan",,,0,Dixie,CM-OC2122.jpg,Light Brown Wicker/Orange Cushion,Contemporary Style,UV & Water Resistant,Adjustable Split Back,Orange Fabric Cushions,Aluminum Frame,Light Brown Wicker,,,,,Lounge back and soak up some sun in style. Whether you - -
7633,CM-OB1804,Outdoor,Bench,Wooden Bench,,,Patio Wooden Bench,Furniture of America HAVASU Cottage Patio Wooden Bench,CN,1,48.8,23.8,3,2,48.4,"49 1/2""L X 20 1/2""W X 30 1/2""H",Cottage,"Cast Iron, Wood",,,0,HAVASU,CM-OB1804.jpg,Natural Oak,Traditional Style,Swan Chair Back Accents,Smooth Rolled Arms,Weather Resistant,Cast Iron Structure,Natural Oak Finish,,,,,"Stylish with subtly elegance, this spacious seating bench will easily amplify your home garden. This is accented with beautiful swan details and a cast iron structure for total seating support. - -"
7634,CM-OB1805,Outdoor,Bench,Wooden Bench,,,Patio Wooden Bench,Furniture of America DUMAS Cottage Patio Wooden Bench,CN,1,53.8,24.8,2.8,2.1,33,"45""L X 25 1/2""W X 31 1/2""H",Cottage,"Cast Iron, Wood",,,0,DUMAS,CM-OB1805.jpg,Natural Oak,Traditional Style,Smooth Curved Wood,Arched Bench Arms,Weather Resistant,Cast Iron Structure,Natural Oak Finish,,,,,Smooth curved wood panels to best increase seating comfort while maximizing stylish appeal. This seating bench is detailed with smooth curved arms for total seating ease. - -
7635,CM-OB1806,Outdoor,Bench,Wooden Bench,,,Patio Wooden Bench,Furniture of America ALBA Cottage Patio Wooden Bench,CN,1,49,23.8,3,2,48.4,"49 1/4""L X 23 3/4""W X 31""H",Cottage,"Cast Iron, Wood",,,0,ALBA,CM-OB1806.jpg,Antique Oak,Floral & Bird Backrest Design,Wooden Border,Slated Seat,"Solid Wood, Wood Veneer & Others",Antique Oak Finish,,,,,,The floral and bird design backrest accentuates the great outdoors while providing a comfortable place to sit while taking in all of natures beauty. - -
7636,CM-OB1807,Outdoor,Bench,Wooden Bench,,,Patio Wooden Bench,Furniture of America SEDONA Cottage Patio Wooden Bench,CN,1,55.5,31.5,2.8,2.8,48.4,"47 3/4""L X 33 1/2""W X 33 3/4""H",Cottage,"Metal, Wood",,,0,SEDONA,CM-OB1807.jpg,Oak,Slated Design,Angled Backrest,Sturdy Structure,"Solid Wood, Wood Veneer & Others",Oak Finish,,,,,,"Featuring a slated wooden design with a sturdy frame, this outdoor bench provides for a comfortable seating option while gazing at the stars during the night or taking in the warm sunshine during the day. - -"
7637,CM-OC2554,Outdoor,Love Seat,Rocking Love Seat,Rocking,,Rocking Loveseat,Furniture of America PAMELA Cottage Rocking Loveseat,CN,1,53.3,23.3,7,5,65,"52 1/8""L X 27 1/2""W X 39 3/8""H",Cottage,,,,0,PAMELA,CM-OC2554.jpg,Dark Gray,Contemporary Style,Slatted Design,Cast Iron Structure,Rocking Ability,Weather Resistant,,,,,,Swing into summer with this versatile patio bench. The nifty rocking feature will surprise any who choose to relax upon the plank style slats while the metal framework ensures a long-lasting structure for years of enjoyment. - -
7638,CM-OC2555,Outdoor,Chair,Rocking Chair,Rocking,,Rocking Chair,Furniture of America PERSE Cottage Rocking Chair,CN,1,30.5,25.8,15.3,6.9,76,"76 3/4""L X 25 5/8""W X 39 3/8""H",Cottage,"Cast Iron, Wood",,,0,PERSE,CM-OC2555.jpg,"Dark Gray, Oak",Contemporary Style,Cast Iron Structure,Slatted Seat,Rocking Ability,Attached Center Table,Weather Resistant,,,,,Sway with the summer breezes while relaxing upon this delightful rocking patio chair. The plank style slats offer a charming rustic appeal while the metal framework offers durable support. - -
7639,CM-OB1808,Outdoor,Bench,Steel Bench,,,Patio Steel Bench,Furniture of America POTTER Contemporary Patio Steel Bench,CN,1,50.9,26,3.1,2.4,35.2,"50 2/5""L X 20 1/4""W X 34""H",Contemporary,,,,0,POTTER,CM-OB1808.jpg,Black,Armrests,Slated Seat,Steel,Black Finish,,,,,,,Enjoy the outdoors by lounging on this park bench made from durable steel. A unique backrest design distinguishes this bench from the rest. - -
7640,CM-OB1809,Outdoor,Bench,Steel Bench,,,Patio Steel Bench,Furniture of America MINOT Contemporary Patio Steel Bench,CN,1,50.9,26,3.1,2.4,35.2,"50 2/5""L X 20""W X 33 7/8""H",Contemporary,,,,0,MINOT,CM-OB1809.jpg,Black,Slated Seat,Steel,Black Finish,,,,,,,,"Made of durable steel, this reliable outdoor bench will make the perfect addition to any sized backyard. Featuring a unique designed backrest with side armrests. - -"
7641,CM-OF1802,Outdoor,Fire Place,,,,Round Fire Place,Furniture of America AMMON Contemporary Round Fire Place,CN,1,31.1,31.1,6.5,3.6,23.1,"30""Dia X 12 5/8""H",Contemporary,,,,0,AMMON,CM-OF1802.jpg,Black,Modern Style,"30""Steel Bowl",Sleek Safety Tool,Curved Spark Guard,,,,,,,"Create a comfortable outdoor ambiance with this modern style fire place. Along with style, this fire place features a curved spark guard and safety tool. - -"
7642,CM-OF1803,Outdoor,Fire Place,,,,Round Fire Place,Furniture of America ARDOCH Contemporary Round Fire Place,CN,1,33.5,33.5,7.5,4.9,46.2,"30""Dia X 22 .5""H",Contemporary,"Cast Iron, Ceramic",,,0,ARDOCH,CM-OF1803.jpg,Black,Modern Style,Triangle Tile Detailing,Curved Spark Guard,Cast Iron Structure,,,,,,,"Modern in style, this fire place place features a curved spark guard for a comfortable outdoor bond fire. A decorative tile pattern surrounds the top of the fire place. - -"
7643,CM-OF1813,Outdoor,Fire Place,,,,Rectangle Fire Place,Furniture of America BENAWA Contemporary Rectangle Fire Place,CN,1,43.5,33.5,9.5,8,48.4,"30 3/4""L X 41""W X 26""H",Contemporary,"Cast Iron, Ceramic",,,0,BENAWA,CM-OF1813.jpg,Black,Contemporary Style,Cast Iron Frame,Ceramic Tile Border,Weather Resistant,,,,,,,"Complete your outdoor pation with this amazing outdoor patio. Featuring a ceramic tile border and and cast iron frame, perfect for outdoor gatherings. - -"
7644,CM-OF1814,Outdoor,Fire Place,,,,Round Fire Place,Furniture of America BANNO Contemporary Round Fire Place,CN,1,36.5,36.5,7.9,6.1,50.6,"33 1/2""Dia X 20""H",Contemporary,"Cast Iron, Ceramic",,,0,BANNO,CM-OF1814.jpg,Black,Contemporary Style,Cast Iron Frame,Ceramic Tile Border,Weather Resistant,,,,,,,Relax and enjoy those summer nights outdoor with this one of a kind fire place. Decorative ceramic tile border and cast iron frame make it ideal for roasting smores. - -